Date,Actual,ARIMA,RF,Prophet
2024-01-02,366.1055603027344,366.1055603027344,366.1055603027344,375.83716828352357
2024-01-03,365.8389892578125,365.8389892578125,365.8389892578125,376.4335977205993
2024-01-04,363.2131652832031,363.2131652832031,363.2131652832031,376.16061102356196
2024-01-05,363.0256042480469,363.0256042480469,363.0256042480469,377.19754290783175
2024-01-08,369.87640380859375,369.87640380859375,369.87640380859375,380.8273609746266
2024-01-09,370.96234130859375,369.84481644433504,370.96234130859375,382.2739766652162
2024-01-10,377.8526306152344,371.0810816015817,377.8526306152344,383.79252453734983
2024-01-11,379.6887817382813,379.15727832608945,379.6887817382813,384.3720546997317
2024-01-12,383.47943115234375,380.37949991863337,383.47943115234375,386.1681954974676
2024-01-16,385.2563171386719,385.02065508687554,385.2563171386719,392.9732540244323
2024-01-17,384.4666137695313,386.50463227924797,386.14510342985517,394.53380000707716
2024-01-18,388.8100280761719,384.03124835949484,388.42924461641456,394.98788979027694
2024-01-19,393.5484313964844,389.4444437471833,391.47469349088647,396.49276833333744
2024-01-22,391.4162292480469,395.9569766658629,393.51055243957506,399.8525954397688
2024-01-23,393.7754211425781,391.1320709869702,393.2412917967693,400.6469749046789
2024-01-24,397.3884582519531,394.09914284241626,396.89507653319214,401.24759555073865
2024-01-25,399.6687316894531,396.2970499391371,398.4689256561688,400.66274598760737
2024-01-26,398.7408447265625,400.7196800661823,399.6867575643441,401.07326116969165
2024-01-29,404.4564514160156,398.16799078247857,401.0504340121451,401.06678725655615
2024-01-30,403.3409729003906,404.70830216447166,402.80648086488725,400.7944913939632
2024-01-31,392.4723815917969,403.69732238403975,397.99359320890704,400.39559559443387
2024-02-01,398.5927429199219,392.4074819288241,397.9897216973983,398.8995508926083
2024-02-02,405.9372253417969,396.35340722336804,403.9026468172147,398.50596298888667
2024-02-05,400.4387512207031,405.60343128396454,403.24491474715484,396.8731085187085
2024-02-06,400.28076171875,402.67791789346165,401.321776028919,396.35164191086074
2024-02-07,408.7308349609375,400.2731649041906,405.43038547625844,395.8565339548052
2024-02-08,408.7900085449219,404.04178985688065,409.43206001415473,394.4156341833736
2024-02-09,415.1473083496094,408.78999477034324,412.50629660245374,394.22340384741625
2024-02-12,409.9253234863281,415.1178715571356,412.4556340656901,393.9722031646891
2024-02-13,401.1001281738281,412.1223518893909,404.65472232155275,394.1235226525366
2024-02-14,404.9769592285156,399.97554955258204,402.4992171088558,394.3784534659935
2024-02-15,402.0792236328125,404.4101277389768,402.4664535943336,393.74531785076823
2024-02-16,399.6067504882813,402.06605882326306,400.1648192581374,394.3983167437217
2024-02-20,398.3507690429688,401.32606453252674,399.8609154239473,397.65329046289133
2024-02-21,397.74749755859375,398.4044009180055,398.14878390008414,398.6484977181525
2024-02-22,407.1130981445313,397.1930760565607,402.19431198075364,398.68532833757155
2024-02-23,405.8175354003906,406.45937416990307,405.8571177539505,399.92646670600806
2024-02-26,403.0484619140625,406.01699615790966,404.04462469964534,402.7578455507206
2024-02-27,402.9890747070313,403.39466751592164,403.4772835024394,403.6818840436555
2024-02-28,403.2264404296875,403.00347856388737,403.5569387275107,404.5558172255538
2024-02-29,409.0812377929688,403.31595452732836,405.0267549723864,404.3791924180018
2024-03-01,410.9207153320313,409.91999599445296,410.6184385957895,405.3222605502139
2024-03-04,410.34710693359375,411.4348884536704,410.77061819051954,407.5312042189322
2024-03-05,398.21234130859375,410.21129902080884,403.1829890826975,408.1550416597627
2024-03-06,397.6585083007813,394.32963607985954,398.2802767036646,408.70521959902743
2024-03-07,404.6308288574219,397.6206904791629,401.51671656206605,408.19521251849926
2024-03-08,401.7429809570313,404.9786172171039,402.2702250499361,408.8087453660802
2024-03-11,400.0616455078125,402.24660418454323,400.5150117864265,410.17169613331515
2024-03-12,410.703125,400.5119761019396,405.60865305753657,410.59342966456285
2024-03-13,410.5251159667969,404.9247048710627,411.20169630827695,410.99292658209066
2024-03-14,420.5335693359375,410.54323374106554,416.4564698815845,410.38732837380195
2024-03-15,411.8305358886719,419.24136972791524,416.22512507990405,410.9617469775685
2024-03-18,412.72064208984375,416.31233218275,413.34115956606547,412.5264309848795
2024-03-19,416.7655944824219,412.32092271811797,414.78932942755694,413.1048000137574
2024-03-20,420.54345703125,413.88842185749314,419.2299127003715,413.69268688564284
2024-03-21,424.6378173828125,421.4805392528791,421.9919371718053,413.29739074683226
2024-03-22,424.0147705078125,428.0765028670044,423.934316774303,413.2540915455307
2024-03-25,418.1995544433594,423.5957477571997,420.2154954813415,412.9199002482169
2024-03-26,417.0028991699219,415.40614555907405,417.3883169497403,412.8135787678817
2024-03-27,416.7853088378906,416.7989409847845,417.1944689518307,412.67460083139514
2024-03-28,416.0831909179688,416.73157320992914,416.533967166342,411.5024203906843
2024-04-01,419.8907470703125,415.6610006814417,418.1414952891815,410.78306260833335
2024-04-02,416.7952270507813,418.1958957150997,418.6636491372951,410.44001405748963
2024-04-03,415.8161315917969,418.9320312448601,417.0414894467556,410.01063320191923
2024-04-04,413.2745361328125,416.1889190160713,415.612703401516,408.50186711013583
2024-04-05,420.8302612304688,414.13073691118143,416.9218533110206,408.0916144168633
2024-04-08,419.9104919433594,417.1278146780538,420.5534462787921,406.19396929228316
2024-04-09,421.5819091796875,420.18549928133456,420.8532821893666,405.46165281396225
2024-04-10,418.59515380859375,420.9545647323061,420.1011215117947,404.676921436379
2024-04-11,423.2137145996094,420.27069017752666,420.4523394811063,402.86265450213597
2024-04-12,417.2501220703125,418.96683846514725,420.33306373947323,402.2122850909984
2024-04-15,409.0812377929688,422.8843707530958,412.6294634016545,400.126642304664
2024-04-16,410.0108337402344,408.41562295267136,409.93019357155225,399.5477803582722
2024-04-17,407.3010559082031,410.10593239767195,409.2830527223697,399.0386024024557
2024-04-18,399.8144836425781,406.19749426876245,403.8483197560631,397.3631337753153
2024-04-19,394.7212219238281,398.01138086417376,398.37503173523146,396.9800281129699
2024-04-22,396.5409240722656,391.30238129077935,397.8213145031577,396.43955546464923
2024-04-23,403.078125,397.41021996540275,400.4109343757601,396.59939459377426
2024-04-24,404.5516662597656,407.1450950777787,403.49122454460763,396.9215114067448
2024-04-25,394.64208984375,404.830925615184,398.7846502776751,396.41798473361956
2024-04-26,401.8418273925781,393.7971166586687,399.7365489751126,397.2664200371671
2024-04-29,397.8166809082031,398.1552706683292,400.93733348890726,400.5778453436902
2024-04-30,385.0390930175781,400.328139192202,390.3592902008884,402.0022568126612
2024-05-01,390.5872497558594,389.14553289920286,390.08015916605547,403.5425069134359
2024-05-02,393.455322265625,389.49207341025397,391.9254062862906,404.1891802935307
2024-05-03,402.1781005859375,393.4134078788617,398.68039275380625,406.0994510461789
2024-05-06,408.9823303222656,399.7886697042352,404.6922840917121,411.8874829026847
2024-05-07,404.82861328125,414.4958607407942,407.71874329703087,413.85294038092695
2024-05-08,406.0153198242188,403.3500427464574,404.7486393933191,415.7747657300798
2024-05-09,407.7757568359375,406.33039180494086,405.9234777405572,416.63785952778005
2024-05-10,410.1690368652344,406.3795153000592,409.64028658602774,418.5970337937093
2024-05-13,409.1602783203125,410.45454874532976,409.8500827178357,423.5535242096636
2024-05-14,411.9690246582031,408.82042258931574,410.16949324893426,424.94098214458757
2024-05-15,419.1718444824219,411.710007243011,415.8639862274116,426.1545871950034
2024-05-16,417.1011352539063,423.0797180678879,418.38351862506295,426.1953342510185
2024-05-17,416.328369140625,417.0337094252846,417.78843935701366,427.23630305079286
2024-05-20,421.4109802246094,416.2542230617908,420.28090861627237,429.0694661256557
2024-05-21,425.0768432617188,418.42866993468135,423.7460907731391,429.36641633394146
2024-05-22,426.5431213378906,426.68125904460123,425.06668536302647,429.5022219862093
2024-05-23,423.0556640625,427.1446951124464,425.4960037036565,428.49969734058806
2024-05-24,426.1864929199219,420.88187703801924,422.96766094158835,428.5526702453667
2024-05-28,426.344970703125,424.79450101764974,426.5322082111809,427.63802364509354
2024-05-29,425.2056579589844,426.25385820062553,426.0012602505621,427.308157004504
2024-05-30,410.8395690917969,425.96525691556195,414.51348285654075,425.9762485767914
2024-05-31,411.29534912109375,406.69325685352663,412.1535346163727,425.8400092632532
2024-06-03,409.7001647949219,411.31227950580984,411.1439582092265,425.49028165424687
2024-06-04,412.2266540527344,409.64434830824,411.55219806461844,425.5424969294968
2024-06-05,420.09326171875,411.71813792938894,416.14740963004095,425.6785555734666
2024-06-06,420.5985412597656,424.22236416872266,420.87066214710967,424.9155876749805
2024-06-07,419.9347839355469,420.71549630865286,420.688601758398,425.4367823360288
2024-06-10,423.9176025390625,419.7364231733794,422.8742171175738,427.4235162367637
2024-06-11,428.6831970214844,424.12509430898496,426.9956675237549,428.3158180032419
2024-06-12,436.98577880859375,431.5618900961902,434.56766127580465,429.29165282553384
2024-06-13,437.5009460449219,443.6853169173736,437.001518636965,429.3498729175694
2024-06-14,438.4818115234375,437.7817729514866,438.9837017396044,430.65610083444363
2024-06-17,444.228271484375,438.9608143947543,442.3707570667947,434.62289366476983
2024-06-18,442.2170104980469,446.3219135604942,442.26363307460144,436.0053085771129
2024-06-20,441.58294677734375,442.46731148534843,441.9040918392982,437.70396285014704
2024-06-21,445.6251831054688,441.64606123690436,443.91100498095796,439.1719207149689
2024-06-24,443.5347290039063,443.1082573332533,444.225776327002,442.91248185748816
2024-06-25,446.7844543457031,444.42704317593535,446.32773702114105,443.9871369574543
2024-06-26,447.9832763671875,444.71850581136255,447.243481170603,444.9339797998536
2024-06-27,448.6668395996094,447.39750822314915,446.84391826561637,444.75165482684963
2024-06-28,442.8213806152344,448.57895177866055,445.6927303114969,445.6093915531906
2024-07-01,452.5110168457031,442.50436014461667,450.46536503217123,447.07182215229716
2024-07-02,455.0374450683594,444.7187914046469,453.24341666234545,447.27826296814646
2024-07-03,456.513671875,454.4702433334545,455.99133781013103,447.3239891820774
2024-07-05,463.240966796875,456.1996902964671,460.5849449992104,446.1510513904794
2024-07-08,461.9331665039063,467.8655867512365,461.642372754536,444.9140663746985
2024-07-09,455.2950439453125,461.82906296594183,456.6311217026484,444.28579352892484
2024-07-10,461.9430847167969,454.3664462008082,460.0435850676279,443.545615050782
2024-07-11,450.4997863769531,458.33750245561805,454.9536973470053,441.713393034247
2024-07-12,449.3603820800781,459.129372639673,451.70837824188726,440.9781329298883
2024-07-15,449.7665710449219,449.90082696481664,449.2459871701438,438.17343368393244
2024-07-16,445.36761474609375,449.6193071902207,449.4220051135385,437.1743747790741
2024-07-17,439.4230346679688,444.2220279769073,442.49297001203433,436.1403765573516
2024-07-18,436.3021240234375,435.3487499540738,433.18173947522524,434.0900250901986
2024-07-19,433.072265625,434.3341226796507,433.3445966369992,433.20987172092856
2024-07-22,438.848388671875,430.18329352528497,436.2270307110157,430.3697778155304
2024-07-23,440.7407531738281,440.18968369303707,438.8246704088864,429.4742469183369
2024-07-24,424.9381103515625,440.81685809084706,431.5428776957764,428.5908043712734
2024-07-25,414.5351257324219,430.14752378387504,417.25154444497895,426.73088824231553
2024-07-26,421.3416137695313,410.1995747480548,417.9857429804521,426.07358623334403
2024-07-29,422.78814697265625,422.2868893343079,421.2801674179095,424.0201143150227
2024-07-30,419.0133666992188,423.36440376417175,419.92963021970854,423.4010310059357
2024-07-31,414.4855651855469,421.6051498052492,416.24125160049385,422.7892361044066
2024-08-01,413.2570190429688,412.01012331639566,413.60258353541167,421.18965483582656
2024-08-02,404.7166137695313,412.77334587512763,408.51734601042466,421.02179045397924
2024-08-05,391.4998474121094,399.4014172092671,396.90353566699974,420.28456612580567
2024-08-06,395.9186706542969,380.6587833374139,395.62547153489453,420.0414592190062
2024-08-07,394.7495727539063,396.8338377405455,396.2154219105061,419.7704813913868
2024-08-08,398.97021484375,394.5295350725313,397.6583094217928,418.47574098027053
2024-08-09,402.26947021484375,395.7946521154144,400.0888044981589,418.3305695987783
2024-08-12,403.0521545410156,402.67100501511254,402.6419424887897,417.46305458422984
2024-08-13,410.1856384277344,403.303674989818,405.99465739841514,417.1205419235438
2024-08-14,413.0093078613281,414.6802571748755,411.82297518234475,416.7293809460796
2024-08-15,417.89263916015625,414.17996583427845,415.6649430624894,415.2991201563772
2024-08-16,415.3517456054688,420.35294386658154,416.49590816600494,415.0091305290011
2024-08-19,418.388916015625,414.34866934051,416.8316152561545,413.71807638101063
2024-08-20,421.6345825195313,417.9332679844848,420.04557929222443,413.26135150697115
2024-08-21,420.9794921875,420.46845795261277,421.5379463732456,412.7811257143428
2024-08-22,412.4534912109375,420.9793094832367,416.57324277994127,411.29359978198903
2024-08-23,413.6842651367188,409.2518731390812,413.26025737523304,410.9843326367632
2024-08-26,410.4088439941406,413.5928989118958,413.0791939650145,409.91491066679436
2024-08-27,410.7562255859375,410.71567989391457,409.78747608082364,409.6379155366561
2024-08-28,407.5403747558594,410.60101913004326,410.46124919739674,409.4307711164237
2024-08-29,410.0415954589844,408.76177967628996,410.051618659591,408.2732744558246
2024-08-30,414.03167724609375,408.5821614462174,411.8984458598466,408.3500280993093
2024-09-03,406.3890380859375,414.16394595378324,410.8143305770081,409.04117274562634
2024-09-04,405.8530578613281,410.9881705424253,405.2940736049731,409.4019702844034
2024-09-05,405.3468627929688,405.9462743931153,404.6456211865905,408.8351736055275
2024-09-06,398.7067260742188,405.5189872555041,402.1332798955142,409.51597329606835
2024-09-09,402.69677734375,396.8480865765334,400.0066945748287,411.6992849474381
2024-09-10,411.1136169433594,401.1482394361089,406.116295006978,412.547942060487
2024-09-11,419.8876953125,412.0608007102068,416.5418046371776,413.4209243403285
2024-09-12,423.8181762695313,424.94005357781896,421.5985870864993,413.31602677007373
2024-09-13,427.3814392089844,426.9285084320223,425.1263553490215,414.39891723210513
2024-09-16,428.1258239746094,430.61386455326976,429.224260132844,417.3505665508637
2024-09-17,431.9074401855469,428.74810835747707,431.42132729023285,418.2899086789327
2024-09-18,427.5997619628906,434.7770278953135,430.4754211963631,419.1652349224699
2024-09-19,435.4210510253906,429.34053803276316,432.992708546609,418.973712017247
2024-09-20,432.0265197753906,429.24876840128593,433.8492907753155,419.8823297988314
2024-09-23,430.2796630859375,434.6076731016774,431.41521669274437,421.827921439244
2024-09-24,425.9720458984375,431.29269710375354,424.21027968603465,422.30474747403474
2024-09-25,428.8900451660156,427.4068812506054,427.1834792553846,422.6649222221793
2024-09-26,428.0960388183594,428.9693076069099,426.74380843223736,421.9174473549728
2024-09-27,424.8305358886719,428.26498127000934,424.97151229923736,422.24226259223667
2024-09-30,427.0935668945313,426.84747635716445,422.9403495997833,422.4092617595937
2024-10-01,417.5552062988281,426.17849741863506,420.87080235133135,422.32165166754027
2024-10-02,414.021728515625,422.9906029399527,415.2960602933488,422.1599758733112
2024-10-03,413.4361267089844,413.8901772554004,413.73202504468287,420.94602357004567
2024-10-04,412.959716796875,413.37237227543517,413.27095755758836,420.87127234917625
2024-10-07,406.48828125,412.594533413527,409.99789311214505,420.3312123957595
2024-10-08,411.6197204589844,404.1852805911359,408.36566170814206,420.1916414792581
2024-10-09,414.3492431640625,409.0117520457036,413.4877601796226,420.0739955504551
2024-10-10,412.7413330078125,413.8429954132552,412.56817583604067,418.99880394861793
2024-10-11,413.2177734375,413.44973519435536,413.5922708888307,419.15373406197006
2024-10-14,416.0167541503906,413.43270713714895,414.31619241636986,419.773273009801
2024-10-15,415.6196899414063,414.64068486140815,417.5611147204208,420.14087995514944
2024-10-16,413.0192260742188,415.6398238377511,416.79608006947893,420.5678480497577
2024-10-17,413.6147766113281,412.74102907457194,414.0181129836869,420.05875776138186
2024-10-18,415.0440368652344,413.5244348032565,414.29609051809405,420.7843736263795
2024-10-21,415.659423828125,415.0946751670654,415.5398505216083,423.07568362020555
2024-10-22,424.3243713378906,415.68251544403876,420.46987790928836,423.8949537077145
2024-10-23,421.4360656738281,427.00960136296374,422.05417131679843,424.6947733762522
2024-10-24,421.5650939941406,421.99822717210503,422.24550014853224,424.46643334487356
2024-10-25,424.9595947265625,421.5402000503597,424.24809208370976,425.36952112381573
2024-10-28,423.41119384765625,422.7101230528991,423.9449184050458,427.39391958255044
2024-10-29,428.7313232421875,423.8817590951092,424.2000688714935,427.88349719190785
2024-10-30,429.3069763183594,425.9581915313018,427.5530849856786,428.23622083836307
2024-10-31,403.3220520019531,429.16137005732116,411.54216667340427,427.44997085363326
2024-11-01,407.3120727539063,405.877056166512,403.3083355480626,427.69405331003753
2024-11-04,405.4162902832031,406.77393871041204,405.4690139558952,427.27489723104054
2024-11-05,408.3939514160156,405.69343825685144,406.1540069499224,426.85332285676117
2024-11-06,417.0490112304688,406.81303655569076,414.472393449214,426.2807546920563
2024-11-07,422.2598571777344,419.82088795260614,419.4641589168852,424.5774417326511
2024-11-08,419.3914489746094,425.36196980661043,420.5986449424083,423.93556449725946
2024-11-11,414.8951721191406,418.1538037021443,416.900508367931,421.26959589301464
2024-11-12,419.8777465820313,412.17813287740006,417.8538797995256,420.30550716644433
2024-11-13,422.0315856933594,417.41294996811587,421.23818656654635,419.32371511093316
2024-11-14,423.7090148925781,422.075324037432,422.7359306012346,417.3586919973462
2024-11-15,411.9075927734375,423.390511441331,416.6915250696167,416.6136888713175
2024-11-18,412.6619262695313,413.15932928435404,413.1298382473019,414.6466806212795
2024-11-19,414.67681884765625,412.5561041541194,413.36734184054495,414.2512788307198
2024-11-20,412.3939208984375,414.3661815917574,413.1778231137988,413.9958744912424
2024-11-21,410.6137390136719,413.03405735526957,412.754258816303,412.90299870300106
2024-11-22,414.7211608886719,410.4736570401428,412.9682139943626,413.16031915840495
2024-11-25,416.5013732910156,412.72376478046044,414.66398133030833,414.7779941243805
2024-11-26,425.6510925292969,416.7677937721216,421.9172323891248,415.68957213342617
2024-11-27,420.6784057617188,428.76592044687817,423.83949660074154,416.75248028988995
2024-11-29,421.1458435058594,421.5927465846678,421.48689467880916,418.4746022437898
2024-12-02,428.624755859375,421.03726250065574,425.8875043185663,423.3212236003965
2024-12-03,428.8435668945313,424.0691758216667,429.6448198882079,425.0485561507453
2024-12-04,435.0295715332031,428.851489784123,433.58899262293215,426.76321148759854
2024-12-05,440.2011413574219,435.534079653086,436.9843627926109,427.4442789864268
2024-12-06,441.1459655761719,442.7848904527288,435.22777927966126,429.2398881931997
2024-12-09,443.58251953125,441.6009191873709,441.38850012803107,433.74108660931444
2024-12-10,440.9072570800781,445.5840007801725,441.9187809342051,434.9622464980837
2024-12-11,446.5363464355469,440.79835469732416,441.7594306002841,435.98934952635034
2024-12-12,447.1032409667969,442.4110937361858,446.19490114346166,435.8162570496219
2024-12-13,444.8257446289063,446.8928450002913,445.4056446759186,436.60963626562636
2024-12-16,449.12213134765625,445.5257043664926,448.082955461868,437.44793812472227
2024-12-17,451.9764099121094,447.4613136746005,450.2007401855953,437.3184944093414
2024-12-18,434.9997253417969,452.0835785924872,441.4873621120756,436.9783417442773
2024-12-19,434.6416931152344,441.9368431851081,434.19136130863296,435.4509708799067
2024-12-20,434.2140502929688,434.67031327427486,434.3159395073838,434.93217456515384
2024-12-23,432.8714599609375,434.26381795710824,433.33601931666357,432.35583343683004
2024-12-24,436.9291076660156,432.75673211721863,436.16367321030344,431.3401159610344
2024-12-26,435.7157897949219,434.3834040992678,435.9925945304716,428.1844614492228
2024-12-27,428.1772155761719,436.2365651681975,431.56142511075507,427.285657620328
2024-12-30,422.5083618164063,428.42831938321825,423.06283680265466,424.6644823518195
2024-12-31,419.1965637207031,419.3594603774535,419.2368386858081,423.98368254655077
2025-01-02,416.2925109863281,417.05504377619815,416.6582092209544,421.95106083965646
2025-01-03,421.0364990234375,413.5301237843158,419.1000247903815,421.80350608778036
2025-01-06,425.5118713378906,422.8286777043373,422.63701471446984,421.9157332593597
2025-01-07,420.0617980957031,427.1560160464801,420.04844758949963,422.2178326898675
2025-01-08,422.2398071289063,421.5367728690415,420.0735311736329,422.6129599136384
2025-01-10,416.6605224609375,421.76539465415124,419.2768131719752,422.81830550001746
2025-01-13,414.9101257324219,421.3112143143795,415.58423575736583,424.93714483069203
2025-01-14,413.3984375,415.38207969165614,414.6796552678729,425.64212868420094
2025-01-15,423.9802856445313,413.38926710196955,419.3678944671742,426.28441086133347
2025-01-16,422.25970458984375,423.06815259572176,421.2853075972837,425.8487015732941
2025-01-17,426.6854248046875,422.6378857817496,422.450444206477,426.48980513922885
2025-01-21,426.1583251953125,425.43582542650785,425.44274095944735,427.38021915802244
2025-01-22,443.7616271972656,426.4084820146997,436.00630019514153,427.19178551617216
2025-01-23,444.2687683105469,440.5071721672551,442.99860098826343,425.8193973562553
2025-01-24,441.63330078125,444.26550325243346,441.65576635073097,425.43916197338785
2025-01-27,432.1852111816406,441.644822237989,436.19272426605227,422.9964819436199
2025-01-28,444.7561340332031,429.41556976530285,439.6530860872696,421.8775278051824
2025-01-29,439.9127197265625,437.41528065946187,441.0872042148547,420.6091754294249
2025-01-30,412.7221374511719,442.3397019889872,422.6542898404542,418.2184201304787
2025-01-31,412.791748046875,415.7848572375156,412.90799494427597,416.9030541612477
2025-02-03,408.6743774414063,412.7966683667375,410.66529014626286,412.33454493871926
2025-02-04,410.116455078125,408.1043307259892,411.06258890484315,410.77854721398097
2025-02-05,411.0314636230469,410.04410809587483,411.54787465672365,409.2229617745877
2025-02-06,413.5475769042969,410.8437258074965,412.66081356369995,406.6977630065879
2025-02-07,407.5107727050781,412.93921864000544,409.48187866010636,405.4000492899583
2025-02-10,409.96728515625,410.97713872759294,409.8652247371291,401.7376106125319
2025-02-11,409.1915283203125,408.70217448301156,409.0086616511604,400.7323558184416
2025-02-12,406.8046569824219,409.6600719976398,408.4451180270073,399.8273292432176
2025-02-13,408.2964477539063,408.4507867170486,406.105383939276,398.03464622056526
2025-02-14,406.1979675292969,407.75618319714437,408.63734280231625,397.5321453742057
2025-02-18,407.4013977050781,407.1148794892767,405.6752222555592,396.2680625597482
2025-02-19,412.5033264160156,406.30999662256306,409.1505884708453,396.17129397073734
2025-02-20,414.6857604980469,412.67686950993146,413.5872196212929,395.1343716920856
2025-02-21,406.793212890625,415.5739948750775,410.5067034901445,395.3205947206124
2025-02-24,402.5978393554688,406.78431850941587,404.3224892389472,395.77335841398406
2025-02-25,396.5190124511719,401.39560640951373,399.4700241478627,395.93840191598264
2025-02-26,398.3426818847656,394.2213418433613,398.40858756284376,396.06760471461547
2025-02-27,391.1676330566406,399.35995282891747,395.3463857180695,395.158377969869
2025-02-28,395.6121520996094,391.031177755346,394.7420894657408,395.37858324306785
2025-03-03,387.14166259765625,392.602547253958,391.12308348873376,395.45139911026484
2025-03-04,387.26123046875,393.6088593171355,387.94107423841115,395.36525236691534
2025-03-05,399.628173828125,387.1938938310379,395.77300998017364,395.20233047731824
2025-03-06,395.5125427246094,396.2025135503025,397.1976466942618,393.9739230604865
2025-03-07,391.9449462890625,396.49102696674544,392.7444566102077,393.86186458344514
2025-03-10,378.840576171875,392.5212311285012,384.19890657387214,392.99144637200317
2025-03-11,379.1296081542969,377.62965637938447,379.205913040342,392.6474248251333
2025-03-12,381.9397888183594,379.20087296982786,379.90278989250766,392.2703776523599
2025-03-13,377.4553833007813,382.50034996437904,377.9041601308014,390.8780016641453
2025-03-14,387.21142578125,378.6451787079137,381.757004032672,390.6563599541616
2025-03-17,387.3509521484375,379.17797544701807,386.88484115359313,389.79172984405307
2025-03-18,382.1889343261719,387.29768702293103,384.5099203792495,389.5527619864452
2025-03-19,386.4739990234375,383.9029250459332,383.32749229853334,389.32301424928124
2025-03-20,385.4974060058594,385.0216501807062,386.15409955409376,388.1119689237623
2025-03-21,389.9020690917969,385.97732461530586,387.69668492416474,388.0961297591015
2025-03-24,391.7157287597656,386.4177004494464,390.8354614910417,387.88752888600277
2025-03-25,393.7885437011719,391.68749041767387,392.7466812170516,387.8425893800569
2025-03-26,388.6165466308594,394.31104020925676,390.8636009264539,387.7764806648254
2025-03-27,389.2243957519531,388.3582927807748,388.44592529351064,386.68909873341374
2025-03-28,377.48529052734375,389.0689423551138,381.902010048822,386.7487124884836
2025-03-31,374.087158203125,380.9650895293521,376.5618030099462,388.2652375141652
2025-04-01,380.863525390625,373.53576077264495,378.08598976315176,388.67227765021204
2025-04-02,380.813720703125,381.19651193384476,378.76826750044694,388.99834478784527
2025-04-03,371.8150329589844,380.80609492806394,375.16627561387946,388.2479435949581
2025-04-04,358.5910949707031,374.36458439305363,363.47265148289995,388.59627427052453
2025-04-07,356.61798095703125,349.21784091481084,358.9758856092181,388.9464068549993
2025-04-08,353.3294372558594,355.7009843616318,357.8069094975789,388.9440636503584
2025-04-09,389.1347351074219,351.2628706545418,380.8553283818562,388.87487648864703
2025-04-10,380.0264587402344,381.1917254923384,382.5214361279557,387.7591461840808
2025-04-11,387.101806640625,382.4771398151035,384.6125459819463,387.78803396389986
2025-04-14,386.4640197753906,384.9924769414642,386.7944681445673,387.6077992145673
2025-04-15,384.3912658691406,386.90019012312035,384.92489007483374,387.616785773564
2025-04-16,370.32025146484375,385.9729700092096,377.722732336356,387.67156489588695
2025-04-17,366.5035400390625,365.226385008562,367.83809337870275,386.80032356178054
2025-04-21,357.87359619140625,365.2379654758846,361.0615078887939,388.89509520420427
2025-04-22,365.5469055175781,354.3348241311441,364.249503326416,389.77264828056525
2025-04-23,373.0906372070313,366.41826793766836,371.56283512285023,390.8043215179259
2025-04-24,385.9557800292969,374.0942267847039,380.29105629277024,391.0060427140481
2025-04-25,390.4900207519531,391.4343821541044,388.2121307808237,392.55945219142325
2025-04-28,389.8024291992188,393.8979942477382,389.8870991019464,398.02536746265304
2025-04-29,392.6724243164063,389.36364298478713,390.2642284716069,400.1944969378738
2025-04-30,393.88818359375,394.5751419693702,396.604278634005,402.4989161614055
2025-05-01,423.9235534667969,393.7705154245092,412.7601532974501,403.9324263283956
2025-05-02,433.769287109375,428.6635318675639,428.113539941492,406.6549844002658
2025-05-05,434.65618896484375,436.65369829922236,433.898257529915,415.0526240975372
2025-05-06,431.8061218261719,434.9002312415065,433.1367981471932,417.94930593737064
2025-05-07,431.8459777832031,429.7534915584951,432.7523165173771,420.83337305729526
2025-05-08,436.6492614746094,431.85289479648407,435.456538517394,422.6889864609818
2025-05-09,437.2073059082031,435.92225596414755,436.69806523806096,425.669606431599
2025-05-12,447.7007751464844,437.2568920993924,443.2641061187779,433.8420308966973
2025-05-13,447.5812072753906,449.3072815280841,446.7081990160691,436.34222876656594
2025-05-14,451.3679809570313,447.57509396142854,449.36685293826247,438.6830763370513
2025-05-15,452.3863220214844,451.47937594618173,451.75256854260164,439.8616090692648
2025-05-16,453.5244445800781,452.4373365631356,451.8815180650136,442.04677956576734
2025-05-19,458.1168823242188,453.7914282887641,456.0530324317469,447.30916798419406
2025-05-20,457.4180603027344,461.35871122743816,456.84987351590115,448.7345394959004
2025-05-21,451.8272399902344,457.3396379775208,454.38092912013946,449.98519345272024
2025-05-22,454.1134643554688,450.8838593908598,453.1018664110577,450.08067201569094
2025-05-23,449.441162109375,453.5170237284672,452.885110120176,451.21194403333595
2025-05-27,459.9338989257813,451.23658904717144,455.6303522106352,454.37347488986796
2025-05-28,456.609375,451.0162708051295,457.55629625356755,454.9981467722285
2025-05-29,457.9272155761719,458.53661144341254,458.5318664161825,454.5948429984281
2025-05-30,459.60443115234375,457.1634787652488,459.1359284299599,455.3621761387367
2025-06-02,461.2118225097656,458.42234696418626,460.3232104768904,457.58945006355856
2025-06-03,462.2101745605469,461.3033547472244,460.74517453426785,458.4637469868262
2025-06-04,463.1086730957031,463.15319719290216,461.74831539287254,459.4081333713753
2025-06-05,466.9124145507813,463.9752342318976,464.7776527031793,459.44295173022545
2025-06-06,469.6080017089844,469.73794066279623,467.79357941182457,460.7547630836473
2025-06-09,471.97412109375,471.516825370177,471.3610853934865,465.10489135662823
2025-06-10,470.1471252441406,473.70782169161316,470.58962884585543,466.7934682510256
2025-06-11,471.8443298339844,469.0651093947345,470.20299372351417,468.57511390097085
2025-06-12,478.0840759277344,471.71562118807185,475.5952456951166,469.4515195160942
2025-06-13,474.1804809570313,479.126153436271,475.0107520007134,471.5908465879904
2025-06-16,478.3536376953125,475.343704673265,477.3132083884673,478.1664765925175
2025-06-17,477.2554321289063,476.61164915819165,477.2874526322056,480.45973149567857
2025-06-18,479.4518127441406,478.210727441737,479.04701150035,482.7557405351466
2025-06-20,476.6164855957031,477.65537725442357,477.59227396104995,486.4906723663196
2025-06-23,485.2023620605469,478.91778928282423,482.03394401564054,493.2841563259137
2025-06-24,489.30560302734375,478.4295481785795,488.41535715230305,495.412973973264
2025-06-25,491.4620666503906,489.4843333162757,490.2308354492187,497.42931711239527
2025-06-26,496.6335754394531,491.82807869130124,493.7586655476888,498.32973880677264
2025-06-27,495.1260681152344,501.1111181663978,494.8755904897054,500.28121716156926
2025-06-30,496.5936584472656,494.7061784133291,496.1932630513509,505.06693756489426
2025-07-01,491.242431640625,496.63823763670456,492.9831764526367,506.38706228439173
2025-07-02,490.2840270996094,495.19572847516986,490.4396383256458,507.54547294608966
2025-07-03,498.0213012695313,490.40479166064546,492.03388943699434,507.5517663116176
2025-07-07,496.9031372070313,496.53223692425223,496.0091038869222,510.6114235511826
2025-07-08,495.804931640625,497.0505955049401,497.03053412882497,511.0489311666904
2025-07-09,502.68365478515625,496.0176442511298,500.10052478027353,511.361823229248
2025-07-10,500.656982421875,499.56569672998387,502.853441961561,510.5692082493656
2025-07-11,502.4939575195313,501.3264713665855,502.3326640735203,510.8595928665362
2025-07-14,502.1944274902344,501.7750782181086,502.2172315021697,511.0467870541804
2025-07-15,504.9898376464844,502.41369598121287,504.6543775535678,511.01742748212405
2025-07-16,504.7901611328125,503.1750852984007,505.8502028667874,510.94023835239176
2025-07-17,510.8601989746094,504.8263739587524,507.6581759618343,509.8346337889206
2025-07-18,509.212890625,510.031812833868,510.47337600070233,509.8881519393158
2025-07-21,509.2228698730469,509.61180347823347,509.27658397761195,509.79436954147315
2025-07-22,504.4407348632813,509.2205921646605,506.93973898191905,509.8004095948757
2025-07-23,505.0397644042969,506.80298922322396,505.4037874271704,509.81392506761557
2025-07-24,510.0415344238281,504.9798394227175,508.6136658702467,508.8477739613779
2025-07-25,512.866943359375,510.05345341469854,511.09562756005556,509.0824473304889
2025-07-28,511.6588745117188,513.8844890177864,512.8998250526548,509.70745133738984
2025-07-29,511.728759765625,511.2571356307581,513.2233932143317,509.9860698525035
2025-07-30,512.3976440429688,511.7683343363033,514.0054245848277,510.2761572604854
2025-07-31,532.6243896484375,511.89750526271956,525.3488675441439,509.58348478666784
2025-08-01,523.2498168945312,535.23521504495,525.7958532755798,510.08190173060245
2025-08-04,534.7609252929688,526.3680954258033,531.2496832173665,511.38223740431306
2025-08-05,526.8838500976562,529.6908355278762,528.1148065490722,511.83179928465853
2025-08-06,524.0784912109375,533.9143539980004,524.5563673206897,512.2600636212748
2025-08-07,519.9852294921875,525.9862733857788,522.4647956478844,511.67076666005516
2025-08-08,521.1832275390625,521.8185326962662,522.121435631773,512.2366944026279
2025-08-11,520.9136962890625,521.8876204436849,521.9317981743038,511.88061627896985
2025-08-12,528.3713989257812,520.8453472799655,525.1422587214878,511.7139871294703
2025-08-13,519.7256469726562,525.8007979734563,520.3633258372995,511.4994883751752
2025-08-14,521.6224975585938,526.1025834369169,519.8957748758504,510.2453975137683
2025-08-15,519.3162841796875,520.632926566221,519.3006898604173,510.1297734237839
2025-08-18,516.2512817382812,521.0810824512529,516.7511902563632,509.33786799390924
2025-08-19,508.933349609375,517.4989570234059,510.98348322029705,509.0353840287955
2025-08-20,504.8900146484375,503.835739308148,506.3836037769234,508.7014641492592
2025-08-21,504.239990234375,501.9138279034272,504.37597556175393,507.35138349313775
2025-08-22,507.2300109863281,503.82720780102085,505.9009528502702,507.16994325033056
2025-08-25,504.260009765625,509.44174883995413,505.45130694688356,506.4217314781684
2025-08-26,502.0400085449219,505.5828167296533,504.1360375018093,506.2306666045298
2025-08-27,506.739990234375,502.44001717741247,506.5026391502946,506.0625364733324
2025-08-28,509.6400146484375,504.40243061864993,507.99564107747415,504.93453895952234
2025-08-29,506.6900024414063,510.3860541845902,507.627371932245,505.0321605414761
2025-09-02,505.1199951171875,507.071801283819,505.8434416957568,505.7461977210578
2025-09-03,505.3500061035156,504.56773046745536,506.5495505883635,506.10571264676526
2025-09-04,507.9700012207031,505.2886960451158,507.9356938568222,505.53859879139134
2025-09-05,495.0,509.6008299594514,501.45112134396607,506.2220809925392
2025-09-08,498.2000122070313,502.3902412860274,498.9397060630435,507.9394889392369
2025-09-09,498.4100036621094,497.1052410593391,499.32067727548844,508.6520275933462
2025-09-10,500.3699951171875,498.33935571132645,500.31962032306006,509.4013477362297
2025-09-11,501.010009765625,499.1551455223151,502.67238337585076,509.18666047085395
2025-09-12,509.8999938964844,501.2072344507081,507.66287334341126,510.174789119114
2025-09-15,515.3599853515625,512.4283651911097,512.290217399363,512.9392556051425
2025-09-16,509.0400085449219,518.2216380876638,512.9797358457172,513.8491684580664
2025-09-17,510.0199890136719,508.1856765576848,508.90595941020854,514.7109382470153
2025-09-18,508.4500122070313,510.0931623054194,509.1309877036144,514.5208140823199
2025-09-19,517.9299926757812,509.58443585252877,513.7670665933518,515.4445127461167
2025-09-22,514.4500122070312,512.821146681736,518.1492068934585,517.4998863101736
2025-09-23,509.2300109863281,515.9227627237979,512.0284554825434,518.0173208138044
2025-09-24,510.1499938964844,510.38432215092024,509.8214469168857,518.4211364086065
2025-09-25,507.0299987792969,509.90227113976755,508.47972002516525,517.717668917652
2025-09-26,511.4599914550781,506.223711536968,509.22281859771954,518.0841498998776
2025-09-29,514.5999755859375,508.12186317794914,514.174559827554,518.3357812110387
2025-09-30,517.9500122070312,514.3784639221583,516.7077691281031,518.2548795490346
2025-10-01,519.7100219726562,518.7941839700434,519.8082165062314,518.0857248170133
2025-10-02,515.739990234375,521.3596661586689,517.6342304091121,516.6457070717806
2025-10-03,517.3499755859375,514.2120881694949,517.1161915507241,516.3279181565048
2025-10-06,528.5700073242188,516.9041436458195,525.0889318763107,514.9514820951882
2025-10-07,523.97998046875,529.5275996098816,525.1781400390889,514.4978920078335
2025-10-08,524.8499755859375,525.0627900237812,525.8225142550779,514.0500666342891
2025-10-09,522.4000244140625,524.6729217742072,523.0409632746438,512.6300995434259
2025-10-10,510.9599914550781,524.3378018684383,515.2308416548509,512.4276464494385
2025-10-13,514.0499877929688,505.9879306510095,512.8031276225685,511.9246636313867
2025-10-14,513.5700073242188,513.8820936951206,513.5117929174247,511.9111079549351
2025-10-15,513.4299926757812,513.5940030858485,512.5912145283023,511.95875882744156
2025-10-16,511.6099853515625,513.5253974666654,512.5450360266889,511.07549580631235
2025-10-17,513.5800170898438,512.1802903717313,513.2289450803703,511.43532658866786
2025-10-20,516.7899780273438,512.3529633048897,514.8655667637416,512.602892755097
2025-10-21,517.6599731445312,517.6181944423809,516.4477225770496,513.082749583395
2025-10-22,520.5399780273438,517.918064457151,519.2681598071422,513.5639811306353
2025-10-23,520.5599975585938,522.5144365902082,522.3386416971395,513.0390944562926
2025-10-24,523.6099853515625,520.5677119704994,522.8277895674001,513.6683393272953
2025-10-27,531.52001953125,524.2313185352384,529.2996007777623,515.0051775676361
2025-10-28,542.0700073242188,537.0935166207872,535.9731913045247,514.9637697420853
2025-10-29,541.5499877929688,551.2520446569812,537.1705165557861,514.8026185762466
2025-10-30,525.760009765625,541.3023542922424,528.5149112091065,513.516798995526
2025-10-31,517.8099975585938,519.5936390108313,520.0714142354329,513.272351522518
2025-11-03,516.0641479492188,514.9213674088903,515.9989895575106,511.41586891081243
2025-11-04,513.3692016601562,515.3954459746798,512.9128635145134,510.51080029106777
2025-11-05,506.2125549316406,511.1187937299112,508.57934795264583,509.44541615761864
2025-11-06,496.1713562011719,500.92983657919433,499.0392640228272,507.23577449761206
2025-11-07,495.8918762207031,487.1542302545404,497.7648301734925,506.0700726350916
2025-11-10,505.0547180175781,495.75123441272746,501.97146555270575,501.6930863196706
2025-11-11,507.7297058105469,509.15275690032405,506.6962131582923,500.10302336385257
2025-11-12,510.1851501464844,508.2260965575219,507.6342537128731,498.4643558119627
2025-11-13,502.3497924804688,510.7953951795174,504.55178048215043,495.810719604647
2025-11-14,509.2268981933594,500.5962908848699,507.94077753351826,494.34526173685475
2025-11-17,506.54193115234375,504.5038754332767,506.9512838388787,490.03601617843407
2025-11-18,492.8675537109375,508.41128438366263,496.740402580854,488.80661461383335
2025-11-19,486.2099914550781,496.5850579643544,488.96801704406755,487.695791899046
2025-11-20,478.4299926757813,483.44128694175464,481.8621158421834,485.7300899186225
2025-11-21,472.1199951171875,473.7266420054074,475.055505481175,485.1016627531109
2025-11-24,474.0,466.3463058844638,474.7987388309297,484.0343926302874
2025-11-25,476.989990234375,475.2515829103115,477.23339722637485,484.05920974811016
2025-11-26,485.5,478.744779024245,483.6935038369956,484.2481886260306
2025-11-28,492.010009765625,489.03772891740255,488.6317666662307,484.28046831749964
2025-12-01,486.739990234375,497.16866686467125,488.7173145689422,486.7991663168718
2025-12-02,490.0,485.1218449486601,487.631042484388,487.81800414190866
2025-12-03,477.7300109863281,490.12227074518455,481.1648015065599,488.8609378916761
2025-12-04,479.7449951171875,487.53955491955696,478.543841517026,488.9076669515165
2025-12-05,482.0597229003906,478.9455729836298,480.00469800886464,490.10608853199653
2025-12-08,489.9018249511719,481.3494613158416,485.64471897464324,493.0238447363707
2025-12-09,490.8995361328125,489.63100648126687,490.1634054759798,493.77772923338387
2025-12-10,477.4701843261719,491.26483024684234,481.7756573778788,494.36166830174324
2025-12-11,482.3690185546875,476.10824962614157,481.10652804567087,493.7649604447796
2025-12-12,477.4402770996094,480.9580850100532,478.0749054714012,494.1492765024139
2025-12-15,473.73870849609375,479.4150518360934,475.4480337439808,493.7937895199983
2025-12-16,475.3051452636719,476.00773817919367,476.1374811898344,493.2591708670542
2025-12-17,475.0357360839844,474.9670245992409,477.40928925297334,492.50129046730785
2025-12-18,482.87786865234375,474.91376526642057,480.3299224843076,490.53870808753464
2025-12-19,484.8134460449219,480.0529649506732,483.13395832500106,489.5627391464036
2025-12-22,483.8157348632813,485.12619093767023,485.04455733123933,485.44728747374677
2025-12-23,485.7413330078125,483.67973319594523,485.57164173080537,483.85428143116496
2025-12-24,486.90863037109375,486.6494887457788,485.9095722766122,482.1733523704651
2025-12-26,486.599365234375,486.6473597193549,486.70201868592846,477.8624699388359
2025-12-29,485.9907531738281,486.60101017120354,486.0792355393579,473.02006630621634
2025-12-30,486.3699035644531,485.57539766616054,485.9951745664478,471.54829792799995
2025-12-31,482.5186767578125,486.2143498163883,483.9095085650853,470.1609304639023
2026-01-02,471.8630065917969,483.78278286586186,476.06200964355463,466.902142105116
2026-01-05,471.773193359375,464.30915384199665,473.8074998779297,464.51379820282693
2026-01-06,477.4203186035156,471.7503562406749,476.448505538679,463.9985061858465
2026-01-07,482.3690185546875,478.9493455667239,480.8895295625556,463.59222173116405
2026-01-08,477.0212097167969,484.19821853117026,478.99264848795775,462.2916207795857
2026-01-09,478.1885681152344,476.95412456626707,477.8823106037809,462.25877265224
2026-01-12,476.0933227539063,478.11502112806386,476.80593573725537,462.27396485769543
2026-01-13,469.5981750488281,477.7463001495431,473.1706282007965,462.33916749199483
2026-01-14,458.3338928222656,468.34208704431234,465.28135071860436,462.3730060029061
2026-01-15,455.6200866699219,448.94308521757364,458.6761306254069,461.35938424759456
2026-01-16,458.8127746582031,454.0799598406868,457.96281163664537,461.45154387500685
2026-01-20,453.4849243164063,460.52148871105544,455.26051937230426,460.3812203289398
2026-01-21,443.0986328125,453.0763128694117,449.21175700170346,459.7429536452545
2026-01-22,450.1126403808594,439.1794414317157,448.70909919654,457.92815836103694
2026-01-23,464.888916015625,448.8051904337979,459.07431533119893,457.10821975639016
2026-01-26,469.20904541015625,469.78479959156846,466.09987915547686,453.315849262139
2026-01-27,479.485595703125,470.3246739216132,474.59306393008535,451.72214982809834
2026-01-28,480.533203125,486.09563845146073,475.6079821881213,449.9601470859296
2026-01-29,432.5128173828125,481.115878027571,449.58069297063923,447.0536517694771
2026-01-30,429.3101196289063,432.1055571421586,431.87310303806123,445.1978471901244
2026-02-02,422.4058837890625,429.181253808624,422.9533762986373,438.8434188046397
2026-02-03,410.2735595703125,422.10681100970703,413.79706820550064,436.6351863074026
2026-02-04,413.2467956542969,406.1322661713141,409.3381642057813,434.39958445391886
2026-02-05,392.7735290527344,414.0879629486023,400.1480250037259,431.1679799678645
2026-02-06,400.22650146484375,393.66895722104687,398.8867526807264,429.1394570723484
2026-02-09,412.65814208984375,397.01229356010685,407.8533055400351,423.1655107017191
2026-02-10,412.328857421875,410.28824141134766,411.0763099140629,421.3610857679797
2026-02-11,403.4491271972656,412.3872428800237,406.7095152923091,419.64869529560724
2026-02-12,400.9248962402344,399.8557478131783,401.83517023771213,417.0443040602643
2026-02-13,400.4060974121094,400.53429579058115,400.0108775182039,415.7295675532343
2026-02-17,395.9562377929688,400.27559423102207,398.9397150344876,411.28110742847923
2026-02-18,398.6900024414063,393.01930511586465,397.57171921875516,410.4190456903495
2026-02-19,398.4599914550781,397.868802883923,399.9669820481829,408.6335152648992
2026-02-20,397.2300109863281,398.53128047365556,398.75331565131484,408.08911349391394
2026-02-23,384.4700012207031,398.18005126070716,391.05904610602573,406.4626950204933
2026-02-24,389.0,380.28497778370655,390.0059275343278,405.9711646864048
2026-02-25,400.6000061035156,388.09695680238866,395.04929269952083,405.460258569511
2026-02-26,401.7200012207031,401.05845628229406,400.6093674238802,403.9256730242051
2026-02-27,392.739990234375,401.7549628000165,396.17599188927227,403.533208773756
2026-03-02,398.5499877929688,390.17665972980075,396.4038700917731,401.8199357692064
2026-03-03,403.9299926757813,396.5967193675734,403.22454709328997,401.1470312198869
2026-03-04,405.2000122070313,402.8202777209119,403.7680676697522,400.3972832147779
2026-03-05,410.6799926757813,405.0176917813777,407.2195075576652,398.5795190686706
2026-03-06,408.9599914550781,414.95433240771627,410.24549707230915,397.8733243103529
2026-03-09,409.4100036621094,408.8007236592824,408.7274625918997,395.17384731082495
2026-03-10,405.760009765625,409.37506099957693,407.61020158155276,394.2004429052489
2026-03-11,404.8800048828125,408.2014774027774,404.35311546495126,393.18312481345475
2026-03-12,401.8599853515625,404.84090634702824,402.48146525921186,391.1396152570514
2026-03-13,395.5499877929688,401.21910042035023,399.240826884238,390.2564291089922
2026-03-16,399.9500122070313,390.45708960049825,398.8341436122206,387.3550468538305
2026-03-17,399.4100036621094,399.54734041779403,401.27902833589695,386.42487892220987
2026-03-18,391.7900085449219,399.4887034040401,395.8188543494282,385.5009571078373
2026-03-19,389.0199890136719,395.6212072207532,391.822321610122,383.5948960120844
2026-03-20,381.8699951171875,388.2214371769238,384.5743304775591,382.8853820613476
2026-03-23,383.0,378.4658175239555,381.71418313698894,380.6247594553847
2026-03-24,372.739990234375,383.4190746180374,377.2148003605993,379.9116516575351
2026-03-25,371.0400085449219,372.73030567098965,371.1711189035688,379.18773308858374
2026-03-26,365.9700012207031,371.06714142859096,365.38567182540896,377.4538522102954
2026-03-27,356.7699890136719,365.452337572554,359.1903059539795,376.8788261804591
2026-03-30,358.9599914550781,349.97560727708657,361.9743212432861,374.71773199201107
2026-03-31,370.1700134277344,359.51296632204617,371.69982120768225,373.9196199825227
2026-04-01,369.3699951171875,373.96323679735957,371.0241333643596,373.0484929036985
2026-04-02,373.4599914550781,369.3905915478444,372.98929371219214,371.10681984829233
2026-04-06,372.8800048828125,373.7692333985646,375.24810746468444,367.0483888257834
2026-04-07,372.2900085449219,373.03490420002333,373.5811858681573,365.8444911156108
2026-04-08,374.3299865722656,372.4358665299919,373.9605033942328,364.56285545859265
2026-04-09,373.0700073242188,373.3522148264491,374.88906624362005,362.22093112606956
2026-04-10,370.8699951171875,373.7917645742557,372.48334250047475,361.00723612063047
2026-04-13,384.3699951171875,371.1299966623129,377.9580846423194,356.9792343655521
2026-04-14,393.1099853515625,377.8109469878926,388.75636295386437,355.6604499162022
