Date,Actual,ARIMA,RF,Prophet
2024-01-02,45.52052688598633,180.8763761923641,177.85747520446776,38.218723018046745
2024-01-03,45.45071029663086,41.476468619501745,177.20035243988036,40.89442124885708
2024-01-04,45.68010330200195,45.45226544595175,167.9409023284912,42.32471376734579
2024-01-05,46.18876647949219,45.55227622308033,47.24644372940063,43.780669397185235
2024-01-08,48.41293716430664,46.57003642943986,47.699555740356445,47.69540580155574
2024-01-09,49.05126190185547,49.37974298156705,48.0628012084961,49.29237414680719
2024-01-10,48.66227722167969,49.38981116884284,49.00542846679687,51.65224930114538
2024-01-11,49.88905334472656,49.00798254104893,49.665493927001954,52.67616879853658
2024-01-12,49.3903694152832,49.182144624495955,49.73356708526612,53.64448233181734
2024-01-16,49.829219818115234,49.738304582608635,50.34152214050293,56.631633093782334
2024-01-17,49.13105010986328,49.3939406361839,49.82278450012207,58.28498662998406
2024-01-18,50.75678253173828,49.76018219636807,50.25345407485962,58.600752408612294
2024-01-19,53.52951049804688,49.57784962009537,50.02635017395019,58.87311041984671
2024-01-22,53.31007766723633,55.94916962118863,51.09698986053467,59.06312508712078
2024-01-23,53.52951049804688,53.344562806185074,53.06403005599976,59.43937289205191
2024-01-24,52.681732177734375,53.31012974077889,53.33691150665283,60.62556538226161
2024-01-25,53.17045211791992,53.09301928057401,53.926813735961915,60.54196127582641
2024-01-26,53.32005310058594,52.747525325118296,53.4664211845398,60.48547373413036
2024-01-29,54.75628280639648,53.40380101550603,53.45560153961182,60.10835692914077
2024-01-30,56.51168441772461,55.05228443867786,54.84255823135376,60.42437728176599
2024-01-31,56.18254470825195,58.23232161322352,56.51551811218262,61.60495493826599
2024-02-01,59.30434036254883,56.30175692858613,58.849191913604734,61.56236375197478
2024-02-02,61.30908966064453,58.6533021074802,59.93633800506592,61.584515650392845
2024-02-05,61.41880416870117,63.13212668707167,60.11626619338989,61.570527539969646
2024-02-06,58.96523284912109,61.430790430969154,61.078229064941404,62.01662840230162
2024-02-07,60.580997467041016,59.18418860613032,60.89701694488525,63.31601483757168
2024-02-08,61.50856018066406,59.09663413828066,60.997685241699216,63.372668243622755
2024-02-09,63.35372161865234,62.30955828372814,61.36788795471191,63.46737566234432
2024-02-12,61.15947341918945,64.83463394055977,62.1903645324707,63.46148686959072
2024-02-13,62.36631393432617,63.321188194363174,62.78711753845215,63.832201204992025
2024-02-14,64.79991912841797,61.34708550915238,62.46808195114136,65.01740151449437
2024-02-15,62.67549896240234,66.73721849897592,62.14851976394653,64.9238142388649
2024-02-16,62.80515670776367,64.78045838088028,65.02462688446045,64.83658901818156
2024-02-20,61.85765075683594,62.7893716321912,63.999050807952884,64.29083866340088
2024-02-21,58.396732330322266,62.112219595543294,62.77365894317627,65.24459494942263
2024-02-22,62.7353401184082,56.633891542329486,62.70070291519165,64.93658378501631
2024-02-23,62.53586959838867,58.505236708573676,61.370614242553714,64.66124596635196
2024-02-26,66.13640594482422,62.55412155874454,61.83464082717896,63.661009693647934
2024-02-27,66.09651947021484,65.73864337198837,62.929307346344,63.78849215314765
2024-02-28,65.92696380615234,66.09739393983293,65.19759393692017,64.79770126068196
2024-02-29,67.44298553466797,65.85135121954275,67.67688182830811,64.60719476668655
2024-03-01,70.3852767944336,67.10808041815191,68.04750921249389,64.51196176952102
2024-03-04,71.50233459472656,72.78127443181954,68.18350427627564,64.40507093447563
2024-03-05,69.83668518066406,72.24375211125901,70.47760759353638,64.93138269413481
2024-03-06,71.80154418945312,71.37770624217458,71.34968631744385,66.3774586036841
2024-03-07,71.90128326416016,69.86319434925473,71.3071171951294,66.65223605231853
2024-03-08,69.18842315673828,71.9113972035418,70.23219474792481,67.03999969203319
2024-03-11,66.82460021972656,69.38758504433196,71.09944297790527,68.30458021559039
2024-03-12,72.13067626953125,64.48301808459802,71.68129051208496,69.24439951833885
2024-03-13,73.17792510986328,68.18575523827195,68.44677734375,71.06280111533438
2024-03-14,73.72649383544922,73.57608701223508,70.14275966644287,71.65822088578054
2024-03-15,73.96587371826172,74.177462850456,75.20801963806153,72.30562891812642
2024-03-18,76.96402740478516,74.14137438040119,75.68097339630127,73.98021651746976
2024-03-19,76.88419342041016,77.43985534651759,75.2329762840271,74.89757141483514
2024-03-20,77.66239929199219,76.88842363012694,75.05725633621216,76.61216485515821
2024-03-21,81.92267608642578,77.504375907364,78.26964603424072,77.02462960713726
2024-03-22,82.31178283691406,83.42911350424325,77.74845447540284,77.41430332641433
2024-03-25,81.7630386352539,82.38239410736811,77.67405998229981,77.94112784675292
2024-03-26,82.48140716552734,82.280872826777,82.09611328125,78.38467501073569
2024-03-27,80.82518005371094,81.7883260383978,81.1298466873169,79.60029426413266
2024-03-28,81.48367309570312,82.03440785820521,81.89447319030762,79.50244447028786
2024-04-01,80.2165756225586,81.03150565308236,81.81655921936036,78.55321630803266
2024-04-02,80.58573913574219,81.25349237969172,79.87204261779785,78.64446995286477
2024-04-03,85.15528106689453,80.38744444369098,81.86636417388917,79.06004447697158
2024-04-04,80.50591278076172,85.88897919523293,81.45497051239013,78.24348731265795
2024-04-05,85.14530181884766,85.15458395678237,83.6146904373169,77.4971296502352
2024-04-08,83.9580307006836,80.50596877078969,83.92483306884766,75.37408908222417
2024-04-09,81.61338806152344,84.52808157901964,82.93140975952149,75.24052152790335
2024-04-10,84.57659912109375,79.72347886129084,84.66926696777344,76.05075401747816
2024-04-11,86.14302825927734,81.69279451988638,83.62258827209473,75.72496683475643
2024-04-12,83.69861602783203,87.43747027170977,83.93523937225342,75.55873126999991
2024-04-15,80.48595428466797,85.91946214250463,85.81923206329346,75.61663008311818
2024-04-16,82.17210388183594,77.38965315696578,84.54076309204102,76.31744486023356
2024-04-17,81.69319152832031,80.7843742713292,82.57277267456055,77.99324222920691
2024-04-18,80.82518005371094,81.94489925594621,81.48907634735107,78.5496921071358
2024-04-19,74.8388671875,80.09089051183308,80.79580448150635,79.26766394129487
2024-04-22,75.89645385742188,73.13894048041887,82.52186698913575,81.84719608143729
2024-04-23,78.9893798828125,75.5336949361074,82.21897136688233,83.30091246609956
2024-04-24,84.37705993652344,80.88325237012411,74.61963031768799,85.17421706944707
2024-04-25,90.14388275146484,89.0297229550175,77.01853660583497,85.85584165456572
2024-04-26,93.2767105102539,95.89739752406294,80.44431114196777,86.61904219626071
2024-04-29,94.58372497558594,95.90504287673468,86.33368301391602,88.80635227879078
2024-04-30,92.78782653808594,95.51271070606447,91.24511219024659,89.94685272855074
2024-05-01,88.31804656982422,94.4967240622072,92.44648769378662,91.90953045069833
2024-05-02,91.95972442626952,85.22565756759177,94.2305940246582,92.59421931021278
2024-05-03,92.79781341552734,88.3931672469217,92.23563762664794,93.27921459896233
2024-05-06,97.03811645507812,93.16434581629721,91.18585243225098,94.81369710033906
2024-05-07,94.69346618652344,98.65149064077562,91.038821144104,95.62503157079851
2024-05-08,97.4571533203125,96.67919758286061,96.61848602294921,97.21816595293933
2024-05-09,97.71656036376952,94.73040865819154,95.43080848693847,97.50252152428945
2024-05-10,95.1823501586914,97.76489104857464,96.37882415771485,97.76586181674689
2024-05-13,94.58372497558594,95.69566743190096,98.43694374084473,97.995640832589
2024-05-14,98.50475311279295,94.31595224263714,98.22331531524658,98.38472701308093
2024-05-15,104.36136627197266,97.3345800376726,90.7997858428955,99.41576022270367
2024-05-16,97.06804656982422,109.77633162622577,94.35271156311035,99.15984319683622
2024-05-17,96.58912658691406,104.1893007712888,99.85507125854492,98.90843606506046
2024-05-20,99.09341430664062,96.5268535922637,102.21044666290283,97.76732205776632
2024-05-21,98.90384674072266,98.16928749638377,98.42776374816894,97.75874552580194
2024-05-22,99.9015655517578,98.93233949495227,96.9407891845703,98.57710260140715
2024-05-23,101.009033203125,99.5356293051975,99.0259854888916,98.13462527606221
2024-05-24,105.9277801513672,102.1104994280678,99.22946964263916,97.72023354433072
2024-05-28,104.92008209228516,108.03630799803997,99.04423633575439,96.09436679818863
2024-05-29,102.97454071044922,105.31596113467243,100.85612609863281,96.82257308526351
2024-05-30,102.0466537475586,101.38548404208501,106.39376579284668,96.29627722795863
2024-05-31,97.84626007080078,101.32561864299998,103.95349788665771,95.8025177530902
2024-06-03,95.8907241821289,96.07707447449333,104.23923774719238,94.06240761874612
2024-06-04,91.8799057006836,94.39435983312039,102.90433601379395,93.88618286259796
2024-06-05,96.8585205078125,88.72011388731607,97.3356016921997,94.54940444506866
2024-06-06,87.79923248291016,91.99398505622705,90.45678012847901,93.96348737830195
2024-06-07,87.4799575805664,95.44649606925643,95.58204513549805,93.41742282688011
2024-06-10,91.09171295166016,87.45775563390931,93.26517868041992,91.58756142053127
2024-06-11,89.09627532958984,90.45803265774377,88.5818445968628,91.41191080084636
2024-06-12,89.96427154541016,90.78548991146897,90.25375061035156,92.09470282517167
2024-06-13,95.0925521850586,89.32924780224808,90.02804801940918,91.54914160670768
2024-06-14,91.27129364013672,96.78053616548985,91.85516761779785,91.06552802150176
2024-06-17,89.37012481689453,94.9329356265408,90.79858959197998,89.55946860396539
2024-06-18,95.14849853515624,87.85380966931216,92.57707622528076,89.53498445965455
2024-06-20,90.30824279785156,91.71710194455608,90.11566555023194,90.0274291006923
2024-06-21,90.43798065185548,95.07352628300018,89.687855758667,89.7413121671737
2024-06-24,88.96094512939453,90.43096814519104,91.84958076477051,88.85536503683052
2024-06-25,91.53575897216795,89.21840977189973,89.89331172943115,89.02989476469625
2024-06-26,86.8352279663086,89.31308369544846,90.22684047698975,90.0686816627443
2024-06-27,86.70548248291016,90.79623764131358,90.8328549194336,89.87667390255254
2024-06-28,86.39610290527344,86.69838083713144,87.57482173919678,89.73549188626242
2024-07-01,86.48593139648438,86.1754200630384,87.67367668151856,89.10213582653932
2024-07-02,87.82323455810547,86.43781687732415,87.88660316467285,89.28926703225314
2024-07-03,93.23233795166016,88.00209149191093,86.80894817352295,90.30163407801345
2024-07-05,91.59564971923828,95.75335932267257,87.14026920318604,89.79797397893034
2024-07-08,92.14454650878906,92.50264494973737,89.90224292755127,88.64135134197183
2024-07-09,92.5736846923828,91.81357083230748,93.12909378051758,88.59710925007613
2024-07-10,93.91098022460938,92.99015661903007,90.93985637664795,89.35831691143484
2024-07-11,92.67346954345705,94.68914628242324,92.01854232788087,88.83580674334797
2024-07-12,89.48988342285156,93.90726831208913,90.9733797454834,88.31866684324817
2024-07-15,87.71345520019531,87.33983567957381,93.04972965240478,86.37903191468426
2024-07-16,89.53977966308594,86.20171461373589,93.02925064086914,86.10748243050365
2024-07-17,81.61571502685547,87.71415583202453,84.88055732727051,86.66898124505774
2024-07-18,82.39415740966797,85.08318261386655,88.15965869903565,85.9798264611338
2024-07-19,85.13863372802734,82.24216810402027,88.18196701049804,85.33365819079575
2024-07-22,87.67353820800781,86.57970576034197,82.63683052062989,83.2614269525598
2024-07-23,90.81721496582033,90.20046732644705,83.52006229400635,83.03381654554184
2024-07-24,78.43212890625,93.88945625056829,84.93878387451171,83.75284479403996
2024-07-25,76.32637786865234,84.33709888561893,87.98606418609619,83.26060371216523
2024-07-26,76.96509552001953,75.63234790197166,87.89451648712158,82.84646577833352
2024-07-29,77.84332275390625,76.61022040624529,78.66951770782471,81.6219132128622
2024-07-30,72.88330841064453,78.67882897637796,77.67673690795898,81.7033540000902
2024-07-31,78.54191589355469,74.58609792607264,74.30051380157471,82.66000260901356
2024-08-01,73.85136413574219,72.93207826527168,75.59542182922364,82.39667307610615
2024-08-02,69.32047271728516,78.4605471596241,75.46423191070556,82.19435030778396
2024-08-05,67.59395599365234,64.79229651687378,80.42704021453858,81.42543886607717
2024-08-06,69.13085174560547,66.44515860544627,73.30216083526611,81.57698302591675
2024-08-07,67.08497619628906,67.60429967313802,68.43442874908447,82.55462978579308
2024-08-08,70.91726684570312,69.04990746128051,69.9324991607666,82.26026232464643
2024-08-09,71.31645965576172,67.73296439923253,68.48230934143066,81.9734539638103
2024-08-12,72.79348754882812,71.39882777137399,70.57706155776978,80.64042357723102
2024-08-13,76.08686065673828,73.53756388727128,71.15685581207275,80.51178857044657
2024-08-14,79.99898529052734,78.5463007221164,73.15000772476196,81.34528153315075
2024-08-15,82.79336547851562,83.85383857294767,74.53023603439331,80.87801081504232
2024-08-16,79.26046752929688,85.43670150227958,76.80015335083007,80.39845548438272
2024-08-19,78.72154998779297,82.69839646704584,80.64509826660156,78.46925377231072
2024-08-20,76.35633087158203,78.56099608452864,78.533678855896,78.17181111456286
2024-08-21,77.83334350585938,75.33174321872092,80.24412162780762,78.69694505699944
2024-08-22,76.62577056884766,76.50617265419977,77.36877052307129,77.9645912386037
2024-08-23,78.39222717285156,77.809259055415,78.00819828033447,77.2727363397102
2024-08-26,77.9031982421875,76.74627217177712,77.61976737976075,75.10157417047483
2024-08-27,80.04888153076172,78.15465186831159,77.94784175872803,74.87408139709162
2024-08-28,80.35826873779297,79.1190735092406,78.24578632354736,75.5498041563778
2024-08-29,79.75946044921875,80.44571861487303,78.77213195800782,75.04916923400313
2024-08-30,82.86321258544922,80.24788469418284,81.0564175415039,74.6687855110387
2024-09-03,75.0489501953125,81.70847040809977,79.69914009094238,74.22323450395393
2024-09-04,74.90921783447266,80.40996694888743,81.93619773864746,75.52744893447394
2024-09-05,74.9990463256836,74.90431159166005,81.82612789154052,75.6921972547665
2024-09-06,71.6258316040039,74.91733983881066,73.65291580200196,76.0028492109117
2024-09-09,74.33039855957031,71.8053847738394,75.61258068084717,77.31299727258343
2024-09-10,75.31841278076172,71.69051404790345,74.51415435791016,78.34296911153673
2024-09-11,82.22450256347656,75.95535722226475,74.1886092376709,80.29182538865751
2024-09-12,86.58573150634766,84.16147410960146,74.36993431091308,81.05988887909848
2024-09-13,85.58773803710938,90.5236861676349,76.40854389190673,81.92410546633207
2024-09-16,86.81526947021484,86.02150489496371,84.34058113098145,84.53413144776037
2024-09-17,87.13970947265625,85.61358133642622,87.13198146820068,85.86460034492664
2024-09-18,87.50907135009766,87.30002889855547,87.03414428710937,88.04563802440776
2024-09-19,91.90149688720705,87.87536696098765,86.82245468139648,88.97901410742458
2024-09-20,94.37722778320312,92.63513509353535,87.11381881713868,89.94475368614037
2024-09-23,95.90459442138672,96.49530064561144,90.57342067718506,92.52877725954218
2024-09-24,97.22232055664062,97.26964446090966,92.30668235778809,93.76349739796021
2024-09-25,100.5665512084961,98.5258159555084,97.41727687835693,95.81881200436976
2024-09-26,100.44676971435548,102.84792769175182,96.42200813293456,96.60526719258264
2024-09-27,98.24057006835938,100.45530025945862,98.12581531524658,97.4118701433443
2024-09-30,99.3187026977539,98.00173017553932,100.84555824279785,99.52649384494542
2024-10-01,97.45191955566406,98.4680697594266,99.87624851226806,100.6311850825548
2024-10-02,102.10389709472656,99.06885016234865,99.34108467102051,102.57892839626689
2024-10-03,102.51319885253906,98.8879247381646,98.39743968963623,103.28384638928932
2024-10-04,105.01887512207033,102.58484694543695,97.46729755401611,104.0368546613187
2024-10-07,106.5462417602539,105.81626665157984,101.23267700195312,106.1571399234453
2024-10-08,106.6360855102539,107.90387320793704,103.91823764801025,107.31085588737983
2024-10-09,107.93384552001952,106.64663258022294,105.22135025024414,109.32354567621374
2024-10-10,107.28496551513672,108.11269559919143,108.56253837585449,110.10297669475725
2024-10-11,111.64743041992188,107.80405482451864,108.17750865936279,110.93281951809779
2024-10-14,112.21646118164062,110.37752994545299,109.59911972045899,113.21714893389341
2024-10-15,107.28496551513672,112.36267416644809,109.77337333679199,114.37593057035872
2024-10-16,111.4977035522461,108.40769451872421,110.9290962600708,116.35583991662939
2024-10-17,114.08323669433594,107.33669786141408,111.98701076507568,117.05784209322796
2024-10-18,112.05673217773438,116.38865402977306,109.80555194854736,117.76007079863255
2024-10-21,111.9169692993164,114.02454553933623,112.21896484375,119.32214397623018
2024-10-22,112.27635955810548,111.89781235007565,112.3586848449707,120.1226661795791
2024-10-23,108.17343139648438,112.0335337231719,111.99846851348877,121.68772887757092
2024-10-24,109.84056091308594,108.88660173807153,112.39677635192871,121.92227975086178
2024-10-25,111.97686004638672,108.67754675441876,111.9657693862915,122.10995916683487
2024-10-28,113.41439056396484,114.0491248585757,108.71989475250244,121.92756457480256
2024-10-29,113.63401794433594,114.7460661617414,111.12822105407714,122.11291409070327
2024-10-30,112.2563934326172,113.69962820254958,112.02038635253906,123.06492478166784
2024-10-31,109.1018295288086,112.68471693033453,111.91258712768554,122.70070132443693
2024-11-01,106.71595001220705,106.78796266953843,112.30249027252198,122.3161031500943
2024-11-04,106.02713012695312,104.42019058820291,113.04977016448974,120.69180445607014
2024-11-05,112.24639892578124,105.66008390858543,107.80086589813233,120.52240147213715
2024-11-06,120.22264862060548,110.8850232148415,108.2233984375,121.19644027702132
2024-11-07,121.95965576171876,127.95824647352639,108.34521976470947,120.63680298812814
2024-11-08,125.5334930419922,122.68300447482515,114.10696189880372,120.14314783376699
2024-11-11,126.5816879272461,128.34379099913164,118.17400291442871,118.71552562044653
2024-11-12,123.5968246459961,127.14808286978783,124.10384647369385,118.77711993215004
2024-11-13,124.31558990478516,125.46289377136377,125.88725204467774,119.75487350800095
2024-11-14,120.82160949707033,123.98824375822207,126.02465595245361,119.56266641026373
2024-11-15,120.6618881225586,122.20054576063612,122.92896663665772,119.48942691661813
2024-11-18,122.80818939208984,120.64738329442615,129.5027067184448,119.51359872295014
2024-11-19,140.6973419189453,122.49047196086205,124.18629096984863,120.07581237382843
2024-11-20,137.30319213867188,144.93371929461645,123.01180782318116,121.53821681266601
2024-11-21,141.24639892578125,138.54070118383777,124.45914066314697,121.80037978747137
2024-11-22,139.90869140625,137.34710609143536,139.7959532928467,122.137645995286
2024-11-25,131.8026885986328,140.72233609657803,136.65580787658692,123.01287660500947
2024-11-26,131.51319885253906,129.19931793588182,139.83901542663574,123.70130274740713
2024-11-27,126.72145080566406,131.49287106204505,139.17003467559815,125.20099563230352
2024-11-29,127.38029479980467,126.14473688839308,133.1440795135498,125.60021458931357
2024-12-02,126.8312530517578,127.20213337952197,131.2491435623169,125.5232752012693
2024-12-03,127.97762298583984,127.37130657543977,127.19931285858155,125.74661507107484
2024-12-04,130.6937713623047,127.08440608951155,127.08013469696044,126.72453722309817
2024-12-05,134.3884735107422,132.63996910319503,126.3114056777954,126.3669290401921
2024-12-06,133.65953063964844,137.91494758392304,126.73810615539551,125.96325262795526
2024-12-09,125.99044036865234,133.93611678026437,130.37032569885253,124.0787845665261
2024-12-10,121.5268096923828,124.54622799118239,131.53245891571044,123.74458229973497
2024-12-11,125.6609115600586,117.64591876785761,130.94546337127684,124.21274119689056
2024-12-12,124.862060546875,121.53893648757682,126.20015224456787,123.40689788880874
2024-12-13,125.60100555419922,125.1593711650478,122.99014835357666,122.62877968007109
2024-12-16,125.79074096679688,124.86429803082784,125.41058094024658,120.15748453229139
2024-12-17,120.51824951171876,125.88215838437824,124.81460891723633,119.82637884592741
2024-12-18,113.95759582519533,120.89700489242655,123.0841540145874,120.40065029302293
2024-12-19,115.27572631835938,107.55062350893245,128.63572776794433,119.80220266658056
2024-12-20,119.86917877197266,114.76587669449617,120.06661239624023,119.32842782945272
2024-12-23,117.57243347167967,122.30522312657203,115.69528709411621,118.27211687857799
2024-12-24,118.5710220336914,119.4096804724358,116.24175079345703,118.54276444468366
2024-12-26,118.71082305908205,117.84067616593782,118.44830730438233,119.83278176855521
2024-12-27,114.94619750976562,118.74923108296896,117.90209896087646,120.03948288056364
2024-12-30,115.99468994140624,115.22534025303602,117.92285144805908,120.9204562747097
2024-12-31,113.44832611083984,115.45244964124981,117.5987117767334,121.74951801355476
2025-01-02,118.13165283203124,115.24119868973978,114.31451946258545,123.94217542841477
2025-01-03,125.4911651611328,114.20079442874199,117.28312950134277,124.47117222082822
2025-01-06,133.88919067382812,132.15816275298494,115.90165382385254,125.71701317084889
2025-01-07,130.45407104492188,142.21458439108915,117.68493724822999,126.45726671106584
2025-01-08,129.08604431152344,132.86051093089975,126.61545467376709,127.97376259686237
2025-01-10,128.74652099609375,128.14574306855138,130.60096866607665,128.3097905098984
2025-01-13,123.83352661132812,128.58780390793436,131.36590873718262,127.94332088518054
2025-01-14,128.76649475097656,123.1578994774192,128.69759464263916,128.03313386651564
2025-01-15,131.81214904785156,123.8335792966442,127.95857494354249,128.86528272958168
2025-01-16,132.40130615234375,134.53511416275478,126.63781539916992,128.3529571924887
2025-01-17,135.68663024902344,132.62119368905903,127.23915271759033,127.78835461969958
2025-01-21,142.92630004882812,136.82839374734704,132.49196376800538,124.89018073496132
2025-01-22,148.3785400390625,148.3755810013172,132.86142871856688,125.1774422191052
2025-01-23,153.2715606689453,153.61874936104127,133.70626220703124,124.18168020887808
2025-01-24,146.1117706298828,158.1360731228956,139.50379608154296,123.20042156680682
2025-01-27,102.45399475097656,152.78228357425124,135.23356735229493,119.98429390530167
2025-01-28,106.39837646484376,88.53656857738076,153.142463722229,119.33737425690028
2025-01-29,110.30280303955078,105.66861718493819,142.31592544555664,119.54965460948699
2025-01-30,114.4369125366211,114.20702928952343,103.46653964996338,118.53532688371297
2025-01-31,116.85346221923828,118.56427798623486,107.91882179260254,117.58423360180724
2025-02-03,112.43975067138672,118.95919461181612,114.9326877975464,114.65964675214613
2025-02-04,111.09168243408205,116.1580909371755,114.28158771514893,114.14388208958326
2025-02-05,118.87059783935548,110.33879454425482,118.33734004974366,114.4876526933289
2025-02-06,119.38985443115234,116.2521810560838,114.92536506652831,113.59576925408739
2025-02-07,121.20726013183594,119.4592999699783,114.56364826202393,112.74952928116976
2025-02-10,125.5810317993164,122.16746300268252,117.63256366729736,109.96643712918811
2025-02-11,123.07460021972656,128.68092690388977,117.55242454528809,109.42502300771112
2025-02-12,111.0816879272461,125.23702125332822,122.39027473449707,109.70333598652623
2025-02-13,109.1244888305664,106.28096617676873,125.9909045791626,108.70677478524945
2025-02-14,107.896240234375,108.50460554974758,125.81750858306884,107.71895974319229
2025-02-18,109.80352020263672,106.79023891121761,113.18216262817383,103.56003926490044
2025-02-19,107.68653106689452,108.06711071255073,108.6273176574707,103.59893987026169
2025-02-20,104.68081665039062,109.79205782408289,107.6150401687622,102.36815928648512
2025-02-21,95.85340118408205,101.85075180067082,110.15998798370362,101.16078184865803
2025-02-24,90.89047241210938,90.46748351214754,106.72693641662597,97.29916125001589
2025-02-25,91.76922607421876,86.65057411822565,100.17410488128662,96.44943137465323
2025-02-26,98.46967315673828,91.46717702968809,92.94957633972167,96.46974380274719
2025-02-27,92.27849578857422,100.19803717663031,90.20480232238769,95.27920336965016
2025-02-28,95.0345687866211,98.45038181355297,94.83055820465088,94.17369395265194
2025-03-03,85.28845977783203,92.98630456011746,97.91994426727295,90.98820543316448
2025-03-04,86.26705932617188,90.39124553609763,93.83944953918457,90.4782882465658
2025-03-05,87.76493072509766,86.07169337354262,93.22921726226807,90.88656920270894
2025-03-06,81.92325592041016,89.13664843244283,87.20240955352783,90.12424015251743
2025-03-07,84.91898345947266,84.73375804560727,85.78367988586426,89.47787656020253
2025-03-10,77.90896606445312,82.4860394055455,86.2040130996704,87.74679967200868
2025-03-11,83.00171661376953,82.97471980684003,82.84202140808105,87.70804639371723
2025-03-12,85.25849151611328,78.15828176584436,84.20679126739502,88.56062863830445
2025-03-13,82.97175598144531,86.93051024475083,78.60097541809083,88.20419358652832
2025-03-14,87.32554626464844,85.25826211009768,85.45154541015626,87.91456646544668
2025-03-17,88.95323944091797,83.74084899468711,84.3443138885498,86.8696272977741
2025-03-18,84.57560729980469,90.0212412696548,84.3507555770874,86.90983920821515
2025-03-19,89.08110046386719,87.43538269864251,87.86760303497314,87.76037882289202
2025-03-20,88.99120330810547,84.5774741937889,89.33034805297852,87.32035135159222
2025-03-21,88.54164123535156,88.99475377066204,86.83414825439453,86.86723030628656
2025-03-24,93.59660339355467,88.3687585516758,90.627373046875,84.90115098879514
2025-03-25,91.48870086669922,92.70440085708763,90.55007633209229,84.51703111877764
2025-03-26,81.53863525390625,92.98603411734047,90.57134979248048,84.90211489291714
2025-03-27,76.2439193725586,77.50508158281923,94.09710842132569,84.09177670565252
2025-03-28,74.17597198486328,71.85289935792488,87.13675041198731,83.25348067511912
2025-03-31,72.12801361083984,72.77463751529973,83.28724342346192,80.1867213711667
2025-04-01,75.19496154785156,70.08017612576599,75.58297470092774,79.50204904485155
2025-04-02,77.03312683105469,72.36214852712003,74.41290473937988,79.64253344343793
2025-04-03,67.40274047851562,78.65423305218165,74.80497421264648,78.5321012525885
2025-04-04,59.350772857666016,70.94883933194454,78.5052200126648,77.47261473294661
2025-04-07,63.75637435913086,51.42610424107486,77.37029373168946,74.29646252821627
2025-04-08,62.83729553222656,60.04589120074458,65.59712522506715,73.7766624377372
2025-04-09,72.74740600585938,63.20459082853921,64.16655073165893,74.18540457983053
2025-04-10,67.66248321533203,70.92446750371813,65.26126003265381,73.44479185649834
2025-04-11,69.54061126708984,71.79280272217815,67.72949476242066,72.85260066240416
2025-04-14,71.49864959716797,68.31956843689807,72.5893737411499,71.59096546651801
2025-04-15,72.63751220703125,73.45498874961741,70.26097164154052,71.84700916295137
2025-04-16,71.57856750488281,73.62743954557327,69.94825180053711,73.08012583814683
2025-04-17,73.13701629638672,72.6347155148889,72.03415645599365,73.44352413253662
2025-04-21,67.50263977050781,71.68809453914105,74.87891281127929,76.06284995688502
2025-04-22,71.74840545654297,70.39766946202975,72.26521224975586,77.38000120869626
2025-04-23,77.9222412109375,67.66711474901958,72.69558910369874,79.6250248575191
2025-04-24,83.79637908935547,83.68733147673277,69.50173463821412,80.69500821345667
2025-04-25,86.86331176757812,89.66325274740709,74.19565828323364,81.86358856210103
2025-04-28,86.06411743164062,89.380008331432,79.13496688842774,85.36769607794122
2025-04-29,86.10408020019531,86.45402547695599,85.07880088806152,86.97856499740153
2025-04-30,85.29487609863281,86.10008990872072,88.26565509796143,89.42555925012952
2025-05-01,92.4577407836914,85.37459045213954,85.80613403320312,90.60710259210727
2025-05-02,94.90528869628906,90.85929919289906,86.22254402160644,91.79990944592957
2025-05-05,94.73546600341795,96.40365093330453,87.92600437164306,94.90620906372435
2025-05-06,93.38681030273438,94.75888245809303,94.69519889831543,96.25164606141874
2025-05-07,95.42477416992188,93.05245952448279,93.09051345825195,98.38105726570517
2025-05-08,95.6445541381836,93.54895556080805,94.05226482391357,99.20225347618444
2025-05-09,93.96622467041016,95.69145213706139,98.11329807281494,100.00152812326417
2025-05-12,100.94927215576172,94.39833509093803,96.05011878967285,101.82163746927205
2025-05-13,105.47473907470705,97.77519854077599,89.61671737670899,102.7320085853729
2025-05-14,109.37085723876952,109.60556829764616,94.60079391479492,104.4358039680281
2025-05-15,105.27494049072266,113.2237022947199,101.44631000518798,104.84700864657962
2025-05-16,105.93428802490234,109.36574164978673,106.14268047332763,105.25701882745788
2025-05-19,106.2939224243164,105.72714017008383,107.62774951934814,106.06784920605223
2025-05-20,106.28394317626952,106.59627177016826,105.12005855560302,106.70046700602254
2025-05-21,103.5067138671875,106.28449648672918,104.94900508880615,108.15618464990766
2025-05-22,104.09611511230467,103.48674703983083,106.30683536529541,108.34784540445625
2025-05-23,104.03618621826172,103.85660532482294,106.68215572357178,108.56498669600205
2025-05-27,109.68054962158205,104.04824696507266,106.30348392486572,109.45018155578427
2025-05-28,109.11111450195312,109.56062668325838,103.64344814300537,110.80446325702617
2025-05-29,108.36186981201172,109.22453834080116,103.15701065063476,110.90403781779287
2025-05-30,107.8224105834961,107.63997779105925,109.37169933319092,111.03597414441529
2025-06-02,109.12110900878906,107.310807358716,108.71077495574951,111.17047917444368
2025-06-03,112.2280044555664,108.20095782493355,109.33948657989502,111.61732497638616
2025-06-04,112.73749542236328,114.43916590746747,108.79186210632324,112.90203473623005
2025-06-05,112.10812377929688,112.90035538083744,108.59262660980225,112.93554324547364
2025-06-06,115.24498748779295,112.72370337291748,111.41776641845703,113.00634861733829
2025-06-09,111.88834381103516,114.03479903258284,114.44340446472168,113.00719354059382
2025-06-10,108.36186981201172,115.23730795425553,111.34659870147705,113.43392034504615
2025-06-11,110.47974395751952,104.83968586003361,113.3195816040039,114.7147797313487
2025-06-12,114.38585662841795,108.61016392307504,112.86193309783935,114.76292568560895
2025-06-13,110.85936737060548,117.65936668185701,108.5607218170166,114.86874715512747
2025-06-16,116.3737564086914,114.3675057782185,114.3070768737793,115.10842952825018
2025-06-17,116.53365325927734,111.3679046372912,115.52818710327148,115.66007882568702
2025-06-18,119.00203704833984,116.5430160780369,114.71325561523437,117.08708194887403
2025-06-20,118.46238708496094,119.32055884643752,118.47550868988037,117.58825401753607
2025-06-23,116.46369934082033,118.68747261501484,117.37071853637696,118.43468760658627
2025-06-24,122.23991394042967,115.4577977901888,117.71113121032715,119.19372164480411
2025-06-25,121.56036376953124,118.66945441473487,118.88120502471924,120.82208915314963
2025-06-26,123.7189483642578,121.71765910628726,118.66297763824463,121.22552864489953
2025-06-27,127.07675170898438,122.48233891632523,126.0942525100708,121.68631520906395
2025-06-30,128.325927734375,130.1315366357982,124.90657943725586,122.90201300614771
2025-07-01,122.45977783203124,129.14255869524604,127.02991168975831,123.72025680939738
2025-07-02,124.24860382080078,124.84909420492664,126.00902057647706,125.37079245142009
2025-07-03,127.7563018798828,123.24982856593029,126.66505104064942,125.7576481148055
2025-07-07,126.17733764648438,130.59565662673526,124.83366413116455,126.9829780815748
2025-07-08,125.80757904052734,127.35921471415746,124.95576324462891,127.60240989511348
2025-07-09,128.28594970703125,125.64345134246987,126.95363605499267,129.02742837002
2025-07-10,120.6409683227539,127.56242370118643,125.53208801269531,129.1675039037881
2025-07-11,123.21927642822266,125.12534462035771,124.3443339920044,129.31037792795152
2025-07-14,124.63834381103516,121.65679507507498,129.61808917999267,129.32296453453864
2025-07-15,127.28661346435548,125.83728030986607,122.3572844696045,129.6893790780101
2025-07-16,125.31790161132812,129.49167396413972,123.17520732879639,130.8811349427118
2025-07-17,131.03414916992188,127.20311763358428,127.22249755859374,130.81405764513988
2025-07-18,128.97549438476562,127.51369349506783,126.02786685943603,130.48404091727875
2025-07-21,126.12736511230467,130.28753336631573,128.40020351409913,129.31128467410437
2025-07-22,125.20796966552734,123.42297299495816,132.46223236083983,129.36892849887153
2025-07-23,130.10476684570312,124.67055590682915,127.92209857940674,130.29619537322043
2025-07-24,130.78431701660156,128.32820757076135,125.77024715423585,130.00756706822722
2025-07-25,137.37998962402344,130.9697300773017,127.69566761016846,129.79377167233852
2025-07-28,142.4566650390625,138.72556371050453,130.90876285552977,129.16582473263708
2025-07-29,142.60658264160156,147.3642777776721,131.53939994812012,129.44996378995182
2025-07-30,144.0756072998047,142.61553415938332,139.0997608947754,130.61383048862166
2025-07-31,145.5046844482422,144.37239177084052,142.1879010772705,130.5636731462684
2025-08-01,141.49729919433594,146.93321925205854,141.6823461151123,130.58176068514706
2025-08-04,140.10821533203125,144.03265945593506,143.338316116333,130.5272513552464
2025-08-05,138.6691436767578,139.24881820876146,142.01145164489745,130.93663809581764
2025-08-06,139.65850830078125,137.23096991530196,141.07607543945312,132.18225944299522
2025-08-07,139.2987518310547,138.73474395201004,139.86081268310548,132.16570831983395
2025-08-08,139.83837890625,139.52981578855935,141.07008735656737,132.16596031999595
2025-08-11,139.73846435546875,139.34027305033507,139.87869010925294,131.73924863732816
2025-08-12,143.62591552734375,139.7742312867964,140.69216911315917,131.9230397616797
2025-08-13,137.31002807617188,143.42617743960534,140.35602561950682,132.89867902298795
2025-08-14,132.43324279785156,142.94861207951612,135.59040168762206,132.5738718174067
2025-08-15,132.98287963867188,127.71508977667224,148.12286003112794,132.23506004288805
2025-08-18,135.60116577148438,132.8602122690139,139.50752281188966,130.69732410882227
2025-08-19,128.96551513671875,136.6541983996686,132.8413555908203,130.51366018421766
2025-08-20,127.4564971923828,133.49597604861123,132.84876705169677,131.14135626946484
2025-08-21,126.49712371826172,126.80481034939928,133.0375011062622,130.49895249315733
2025-08-22,125.88752746582033,125.62839199041643,128.07666507720947,129.88331270366376
2025-08-25,124.93814086914062,125.33565750411033,126.54767696380615,127.85187676216827
2025-08-26,127.84624481201172,124.07487324457198,124.11468223571778,127.6408533365003
2025-08-27,129.225341796875,126.13021837106487,126.16937297821045,128.3186334222706
2025-08-28,134.14212036132812,130.2932836851362,127.45661201477051,127.80653989831968
2025-08-29,127.46649932861328,136.69967689790013,126.74405025482177,127.40239265042561
2025-09-02,123.9288101196289,133.84166192603567,129.55423931121825,126.7720757994222
2025-09-03,125.50777435302734,121.0016761992101,131.51639110565185,128.01766583671875
2025-09-04,125.6176986694336,124.33230342273681,126.3451089477539,128.12317500816246
2025-09-05,123.91881561279295,125.63295121337798,123.59012435913085,128.37620434476156
2025-09-08,121.74024200439452,124.13771369936919,125.18763401031494,129.5439215665079
2025-09-09,125.4977798461914,119.62735175009601,125.54612140655517,130.54263563869304
2025-09-10,136.65048217773438,122.23680170919518,126.35437446594239,132.47080371125853
2025-09-11,135.62115478515625,143.40183663576875,124.8299751663208,133.22980303053808
2025-09-12,134.75172424316406,135.80819151108182,126.19446155548096,134.09731772144144
2025-09-15,138.2084197998047,133.89453767735853,137.87237712860107,136.79384216822893
2025-09-16,136.59902954101562,136.57277110955692,135.63961696624756,138.17785801516166
2025-09-17,136.77896118164062,137.83054166802344,135.02296531677246,140.4236278049264
2025-09-18,141.9070587158203,136.73918983788218,138.27665885925293,141.43181785906754
2025-09-19,143.54644775390625,142.2666213199016,138.73172019958497,142.48113548611553
2025-09-22,151.9033203125,144.49795656781188,138.1328551864624,145.35307404552378
2025-09-23,142.5568084716797,155.06220890066243,137.44922485351563,146.69064802153375
2025-09-24,141.56716918945312,151.84509131453,137.42655075073242,148.84950365515783
2025-09-25,139.71786499023438,141.36119872047135,147.9417286682129,149.73864869480622
2025-09-26,138.5682830810547,138.179228593005,142.5845960998535,150.64551587207617
2025-09-29,143.2565460205078,137.53741679060673,141.4501513671875,153.03663574785048
2025-09-30,150.80372619628906,141.08732650121158,139.69656005859375,154.22303748767666
2025-10-01,161.52972412109375,157.56970214461634,135.5662850189209,156.24679040097095
2025-10-02,161.5797119140625,171.62576007331546,138.0887190246582,157.02217593015158
2025-10-03,160.14024353027344,161.58025874840513,142.19976104736327,157.8405593612809
2025-10-06,162.73927307128906,160.24007614394122,162.51782249450685,160.13487875737857
2025-10-07,158.81072998046875,160.53608889962436,161.24037872314454,161.34317265603875
2025-10-08,167.31756591796875,162.42627502672943,163.99949043273926,163.41110247721846
2025-10-09,168.8170166015625,160.84063206727146,166.22035537719728,164.24801000941946
2025-10-10,168.9469451904297,169.33125304610283,168.35106155395508,165.13916334821837
2025-10-13,178.9332275390625,168.96932620731312,173.1734497833252,167.6455752851872
2025-10-14,175.08465576171875,179.19321802946016,172.2836120605469,168.89549402160497
2025-10-15,180.44265747070312,177.66543624723639,174.23158012390138,170.97678909464744
2025-10-16,177.75367736816406,175.365130525656,175.161810836792,171.79105108523433
2025-10-17,173.9351043701172,179.90933473312867,174.79711723327637,172.61652192712793
2025-10-20,175.66444396972656,170.3399325879949,179.7379444885254,174.61368849772202
2025-10-21,174.73480224609375,174.36445009630506,175.50548530578612,175.57874164396608
2025-10-22,171.52598571777344,175.51019026685057,174.67221519470215,177.3161263069243
2025-10-23,183.1316680908203,169.81088642321185,175.8754084777832,177.72917393783771
2025-10-24,185.9906005859375,177.16604774759404,175.62791679382323,178.09966434203062
2025-10-27,192.8280334472656,187.32201668861407,172.03007858276368,178.47034417012537
2025-10-28,190.49891662597656,197.69595828642036,187.32804946899415,178.834036654672
2025-10-29,199.1956787109375,191.91954431432356,192.89972229003905,179.957578742382
2025-10-30,193.68771362304688,194.84692058133598,188.55618927001953,179.7559143382744
2025-10-31,192.78805541992188,198.6668729658892,188.8102498626709,179.52291206308206
2025-11-03,191.3285980224609,192.5025690090607,193.3277059173584,178.27146991795397
2025-11-04,180.7525634765625,190.02474703040085,191.25918128967285,178.19525299066237
2025-11-05,190.6388702392578,177.89019834255618,188.7578483581543,178.94596410804837
2025-11-06,182.9517364501953,180.7749992683191,183.81591331481934,178.4465176530553
2025-11-07,179.73294067382812,190.4017727756506,185.22906440734863,177.99702573773155
2025-11-10,187.7699279785156,177.4406106150647,187.23720809936523,176.61640281822753
2025-11-11,178.98321533203125,182.22086929335987,181.73290489196776,176.67060093158327
2025-11-12,173.30532836914062,187.73509818119257,182.32858268737792,177.63294700958133
2025-11-13,163.57896423339844,168.1290471646076,182.2204832458496,177.4198072813703
2025-11-14,170.90623474121094,155.10997594344764,173.84055221557617,177.32275927766943
2025-11-17,166.58782958984375,163.86326740137858,173.22799049377443,177.2857104435865
2025-11-18,164.7985076904297,170.36550332255337,165.79731643676757,177.8398807687853
2025-11-19,170.58633422851562,163.5333230014888,167.0203607940674,179.3045534709861
2025-11-20,159.5504608154297,167.31904436268576,168.197052154541,179.58141851291842
2025-11-21,159.7703857421875,168.62800901920644,167.73771995544433,179.94761923348264
2025-11-24,168.8470001220703,159.76121500015472,166.92533012390138,181.0071707049662
2025-11-25,169.57000732421875,169.28701029640348,167.5565235900879,181.7913896548408
2025-11-26,172.02000427246094,169.68546008932807,168.47586250305176,183.40381273018704
2025-11-28,179.72999572753906,173.35035857814128,172.59665885925293,184.0754779607824
2025-12-01,179.22000122070312,184.18211453117468,173.23383377075194,184.49933440961792
2025-12-02,180.91000366210935,179.28651932860623,175.8433857727051,184.90498033540854
2025-12-03,178.8800048828125,179.97509531263438,178.7604510498047,186.06832390392785
